datadate,momentum,growth,value,mkt
2025-09-19,0.004409324778171834,0.002313003552156886,-0.003323081658676246,0.0021743726029053168
2025-09-22,0.0017247067505397455,0.0040483436548350805,-0.004189060297552772,0.004731053186680656
2025-09-23,-0.000716413108395064,-0.0061544466176926835,0.005384648063332813,-0.005443584667986334
2025-09-24,-0.0033834751224539965,-0.003319646766315966,0.0093849367769401,-0.003181496057055866
2025-09-25,0.002774794433735433,0.0025912453750742844,0.0018959757755332607,-0.004613522916351642
2025-09-26,-0.0010872841211527252,-0.0008423708603559056,0.0029948274245196723,0.005729047944685206
2025-09-29,0.002452256760318448,-0.00023032499210273375,-0.002103975011179234,0.0028104318394728267
2025-09-30,-0.003079927594891311,0.0038607196828026333,-0.0021596805473398633,0.0037668756027000594
2025-10-01,-0.0076680020011597435,-0.006541785875465376,0.0005214142397820478,0.0034074874658502896
2025-10-02,6.368523207378704e-05,0.0018197022889142969,-0.001615582425668089,0.0011519186176975893
2025-10-03,-0.005487330533534951,-0.0002739030399604168,0.01183211148952053,-1.4942769194004057e-05
2025-10-06,0.0024547284272229525,0.0015171332920095573,-0.0016407303898408397,0.0035863181960820167
2025-10-07,0.0019002741685436777,0.003991242410026643,0.002301114504011181,-0.00370750882208426
2025-10-08,0.0005214720563254997,0.00012494918678701355,-0.00586894301041604,0.005963055954088858
2025-10-09,0.0016642262138024495,0.0029826308421074497,-0.002956909553349397,-0.0028970004902616475
2025-10-10,-4.095879569321146e-06,0.004736886592637516,-0.0035766322655048236,-0.027027832409559527
2025-10-13,0.002577804571321012,-0.003049096808760167,0.0024241407753156107,0.01534409359590816
2025-10-14,0.00029094134509677474,0.0008705847577067977,0.004444988017913102,-0.0012216457528956282
2025-10-15,0.001788540149241988,-0.0034423447568652206,0.003758701343026564,0.0044395451731271685
2025-10-16,-0.00506708697651943,-0.0039358682000999665,-0.005895958496077065,-0.006810289099027256
2025-10-17,-0.0004969467099662743,0.00042491772869014314,-0.0011581850692021867,0.005676313877452266
2025-10-20,-0.0008688932420462147,0.0015295343457350538,0.002666151271904531,0.010400517768178297
2025-10-21,-0.00385404455188987,-0.00037673599800302295,-0.003123511696720856,-1.4896469536673784e-05
2025-10-22,-0.0023150939998870493,-0.0007914498406459793,0.004260424793143074,-0.005198945314245695
2025-10-23,0.002096126185284226,-0.004372711210385265,-0.0015861807753401519,0.005929919137466433
2025-10-24,0.004989422076750945,0.008053136846651794,0.004955069341477669,0.008172561629153252
2025-10-27,0.0008314260256699879,0.0008043453604523838,-0.004179646200995889,0.011797711332595107
2025-10-28,0.0021966478911830973,0.002017835687451014,-0.002777772064247131,0.002656003735917345
2025-10-29,0.006936539325656682,-0.00016685785696145405,0.0029559240038319703,0.0004803073967338811
2025-10-30,0.0008976356415062079,0.0019443888160605557,0.0007774420093492784,-0.010998123336097287
2025-10-31,-0.000217589097804122,0.004085999309425219,0.002515382319422583,0.0032802318226614613
2025-11-03,0.008054521195263264,0.0016946396384859685,-0.004177305142647493,0.0018766677418409206
2025-11-04,-0.004028378734568461,0.0018057148450398817,0.004860779675816242,-0.01185354289226448
2025-11-05,0.001057709848135141,0.0020257196432641473,7.568545536167562e-05,0.0034654345121734043
2025-11-06,0.0019661537442442222,-0.0003405063847813979,0.006528762765668792,-0.010729360370731245
2025-11-07,-0.0004752297930684227,-0.002085126449797377,0.004424688834621067,0.000984619056854319
2025-11-10,0.007558647766759364,0.0010469359227599318,-0.00220989713037658,0.015604274408691943
2025-11-11,-0.007097332740685983,-0.004341126819941864,0.0049144200944605644,0.002289269781638792
2025-11-12,0.0009246292690058836,0.0021656248500540507,0.004229751859198559,0.0005563689604686228
2025-11-13,-0.007028202143800698,-0.0028652458123516675,0.0035743113203525714,-0.016593988703210605
2025-11-14,0.002264334288414673,-0.0011773056345009702,-0.0009076748891595183,-0.0001636807332896506
2025-11-17,-0.0016146798256079353,-0.004432899485253996,0.004090129127495465,-0.009316446653669264
2025-11-18,-0.002066058885576509,-0.0016279605558305738,0.0061075807604059895,-0.008397554343743785
2025-11-19,0.004351406561294144,0.006278669392535501,-0.00747920365424635,0.0038631681008360896
2025-11-20,-0.007239328675114001,0.0005802851799190875,0.002143554088503883,-0.015242292078535558
2025-11-21,-0.007958265295618135,-0.005742293022021497,0.0024315701368685712,0.00996122783626796
2025-11-24,0.007196334171155063,-0.0009832903024308357,0.0022166738635464762,0.014718601581111601
2025-11-25,-0.0035976452290692002,-0.003160106081002382,-0.0044825172434629955,0.009405888774243643
2025-11-26,0.002431962702549415,-0.00036902578414345344,0.004199150752187261,0.006903499155580528
2025-11-28,0.0017667557051288041,-0.0023348471906302006,0.00046781099586573144,0.005458451035781575
2025-12-01,-0.0019982630723464306,-0.005703901083627828,-0.0015179504272917832,-0.0045654750581659576
2025-12-02,0.0013466553146888585,0.0006151631768087605,-0.0057699985139092625,0.0018522057418377535
2025-12-03,-0.002760984048835442,-0.005161489300795327,0.0015349973774168263,0.0034627969421743288
2025-12-04,0.003295850935859926,0.0046108225493829025,-0.003021640520778904,0.0007311117284942714
2025-12-05,0.00030969924413372347,-0.0030591833955320056,-0.0018512488885613306,0.0018995017460805563
2025-12-08,0.004797416184581497,8.706623211100304e-05,0.0011495251675088041,-0.003004273068004548
2025-12-09,0.0014370716229605406,-0.0030069478373808884,0.0033578665428370615,-0.0008630399485102247
2025-12-10,-0.002808056624780589,-0.005200636451264291,0.0071164764342709075,0.006632115249473047
2025-12-11,-0.0008453572339435821,0.0024210417209351116,0.0013155099605255895,0.002327035792719201
2025-12-12,-0.00738711344519093,0.0030745681455514374,0.0031983791027030838,-0.010752064077078183
2025-12-15,-0.0006532726074304917,0.0028558797779562376,0.0018933944432205723,-0.0015107955878901347
2025-12-16,0.0014592411553186523,0.0032718514693521623,-0.007083266229526243,-0.0027323608479132844
2025-12-17,-0.007912481976009612,-0.005783376754187129,0.00905812671652967,-0.011003579477661396
2025-12-18,0.0060319017005339435,0.00775215871339158,0.0003969703810439028,0.007551385165326163
2025-12-19,0.00845270980680286,0.0014970330729472893,-0.0015947016375776554,0.006090440078643455
2025-12-22,0.0009850233338464835,0.003190646144316623,0.002561153580655438,0.006229888772976366
2025-12-23,0.005617115031323582,0.00770773485099579,0.003350774960437548,0.004570477344742585
2025-12-24,-0.0006691344124604684,0.0005166366829391822,0.00048423782718097844,0.0035176463747892406
2025-12-26,-0.0011301351722706068,-0.0008553297323915151,-0.00042384514064688656,-0.00010139343549930846
2025-12-29,-0.0023676925470776954,-0.00019409596805753762,0.0015985152261946832,-0.003563616346279108
2025-12-30,-0.0021784233077464634,-0.0002642480640290131,0.0035165655204160784,-0.001221196481791087
2025-12-31,-0.0009079233624651225,-0.00018057961852973502,0.001227126310756054,-0.007408916900772944
2026-01-02,0.005816517888493766,-0.0007788692795768183,0.011243209038848883,0.0018330595964335394
2026-01-05,-0.00032965338753735665,0.0002307354879036622,0.0007906161303718395,0.006660128518523933
2026-01-06,0.0011691048953872529,-0.001807446600994145,-0.0030830467028620887,0.005947187808991838
2026-01-07,0.0029964519198765827,0.0024407976490353283,-0.003877209250600274,-0.003223428397970407
2026-01-08,-0.009960261065488122,-0.010658576871397775,0.01164382456444898,-0.00010151106470612792
2026-01-09,0.0010049268163702214,-0.0005424756317195115,-0.004022808506788846,0.006613392119041217
2026-01-12,0.0036605940450175982,0.002884730928503853,-0.0076757315308436875,0.0015704467849062542
2026-01-13,0.0023903532221472403,-0.004024306162775052,0.0009387481288935969,-0.0019995396743195393
2026-01-14,-0.004928566056085666,-0.006247444417557986,0.010428643439651202,-0.0049151736166164195
2026-01-15,0.0033735842834727403,0.0010668617293652998,0.0005531025455135098,0.0027232168723565486
2026-01-16,0.0015465016029050955,-0.0009944062878375812,-0.0026422689764220293,-0.0008378597018375844
2026-01-20,0.0032810886339500757,-0.0013099883596044012,0.010956983954625809,-0.02035682271636341
2026-01-21,-0.0007601267222805769,-0.005510537782824768,0.005075276995969687,0.011541072640868899
2026-01-22,-0.0026923571995907344,-0.0007043973621461373,-0.0032913035852798625,0.0052232273125183415
2026-01-23,-0.0015256851387173403,0.0033077547932126076,-0.003528405797205269,0.000362855235275239
2026-01-26,0.0020007624468739073,0.003356115328815914,-0.0014642940455233992,0.005078130667556469
2026-01-27,0.009851937024820217,0.0012038644191775187,-0.002209965561007212,0.003984236282534415
2026-01-28,0.0039280443170433225,-0.0005413521729956046,0.002541775302507404,-0.00010064846367319191
2026-01-29,0.0026513907521277446,0.005676608586251992,0.009134095488709004,-0.0019844122976042655
2026-01-30,-0.005899679776189545,-0.0047354924400618776,0.008267360003280351,-0.002982537029565968
2026-02-02,0.006771816295668721,0.000543075279898585,-0.003421283394940246,0.004971313785279596
2026-02-03,0.00860861618070173,-0.006668175611764794,0.02175189774264816,-0.008455443551286246
2026-02-04,-0.018648102074126812,-0.015083346947823442,0.013040111073163448,-0.004843879164068143
2026-02-05,0.0035847235228647816,0.0022570039566197535,0.004431696564618432,-0.012489252247919747
2026-02-06,0.006192450912439336,0.0021863160123969353,-0.007929535809411787,0.01918479383725402
2026-02-09,0.00389932742315366,0.006123764260024858,-0.005251087456867354,0.004821754365642583
2026-02-10,-0.007018629307781107,-0.008957360582419981,0.002744092844464734,-0.0026370775992506923
2026-02-11,0.001078254693663449,-0.0008274961065684916,0.0070306246090334245,-0.00023117378489279083
2026-02-12,-0.002210991337233901,-0.0001882234886498381,0.00157783120445121,-0.015448869876871552
2026-02-13,-0.0004146797692885857,0.0015113413035505393,-0.0010110650678006954,0.0007045664714431243
2026-02-17,0.0021865707748243432,0.0038687522260869773,0.0024892787498480462,0.0016134946828016972
2026-02-18,-0.0004668894120065748,-0.0015365752787483598,-0.0003016974977803504,0.005037709599472695
2026-02-19,0.002522648091598278,0.0008037799641234856,0.0026599488602987056,-0.002637369042241544
2026-02-20,0.002608339686853943,0.00447300696013879,0.00012877676261318553,0.007231767180925663
2026-02-23,-0.00039116313098486784,-0.0017785293241743844,0.008286800264238083,-0.010211334000551076
2026-02-24,0.0011274611244838063,0.000865093156250723,-0.008163231142549455,0.007268570758657056
2026-02-25,0.003949242381144215,0.0072712649379055826,-0.007107336130415394,0.008438204699207086
2026-02-26,-0.003603594235853204,-0.0004616853250432797,-0.003494924682189615,-0.005554353314578431
2026-02-27,-0.005118101821168155,0.0003440793587069182,-0.0028895184569257813,-0.004801973016103189
2026-03-02,0.0016763112428808164,0.003180544135580128,0.0036353255004510352,0.0005685214070176858
2026-03-03,-0.0069167021085498465,0.0011600725665320557,-0.005235031393351255,-0.0088143593927561
2026-03-04,0.0012680090341823274,-1.6340266297290638e-05,-0.002572959181659009,0.00705539958549517
2026-03-05,-0.00820429631172124,-0.003659933737898762,-0.005644193155640263,-0.005575584195700145
2026-03-06,-0.0032605718235873024,0.001686025536239231,0.0003981397208203206,-0.013107102493725264
2026-03-09,0.008333914561439797,0.0025206874656200895,-0.0045000242076206785,0.008759927421993385
2026-03-10,0.007402249966470943,-0.000518157173490638,0.00384738642049715,-0.0016070296489598679
2026-03-11,0.005474760627043343,-0.0017572070596140713,0.006052207900565858,-0.0012552054106735877
2026-03-12,0.001990563009003559,-0.004550745986256213,0.010262020539181672,-0.015184894947732785
2026-03-13,-0.0021300125925259933,0.0012421275651797153,-0.0028331585985596655,-0.005660150737170744
2026-03-16,0.003217708353612676,0.0019086932022683819,-0.001981656070282304,0.010176810762656752
2026-03-17,-0.00129507828482852,-0.0037727820572860684,0.00275498738686758,0.002630674259749277
2026-03-18,0.0020686526236480796,-0.001518201022903284,0.005546811209903969,-0.013953696387841275
2026-03-19,0.0018449468831286623,-0.00043002952690571563,-0.0012992316924947747,-0.0024643575283854746
